https://www.99bill.com/seashell/html/activity/161024_double11/default.html?datasrc=ffanappaiguangjie,http://dwz.cn/4nOD4i
https://www.99bill.com/seashell/html/activity/161024_double11/default.html?datasrc=ffanappbaihuo,http://dwz.cn/4nOCW4
https://www.99bill.com/seashell/html/activity/161024_double11/default.html?datasrc=ffanappgouwuzhongxin,http://dwz.cn/4nOCW0
https://www.99bill.com/seashell/html/activity/161024_double11/default.html?datasrc=ffanapphuishenghuo,http://dwz.cn/4nOCW7
https://www.99bill.com/seashell/html/activity/161024_double11/default.html?datasrc=ffanapppush1,http://dwz.cn/4nOD4k
https://www.99bill.com/seashell/html/activity/161024_double11/default.html?datasrc=ffanapppush2,http://dwz.cn/4nODf0
https://www.99bill.com/seashell/html/activity/161024_double11/default.html?datasrc=ffanapppush3,http://dwz.cn/4nOCVV
https://www.99bill.com/seashell/html/activity/161024_double11/default.html?datasrc=ffanappstartuppage,http://dwz.cn/4nOCW3
https://www.99bill.com/seashell/html/activity/161024_double11/default.html?datasrc=ffanapptonglan,http://dwz.cn/4nOCW6
https://www.99bill.com/seashell/html/activity/161024_double11/default.html?datasrc=ffanappwodehonbao,http://dwz.cn/4nOCW2
https://www.99bill.com/seashell/html/activity/161024_double11/default.html?datasrc=ffanbeiyong1,http://dwz.cn/4nODeZ
https://www.99bill.com/seashell/html/activity/161024_double11/default.html?datasrc=ffanbeiyong2,http://dwz.cn/4nOCW1
https://www.99bill.com/seashell/html/activity/161024_double11/default.html?datasrc=ffanbeiyong3,http://dwz.cn/4nODf1
https://www.99bill.com/seashell/html/activity/161024_double11/default.html?datasrc=ffanbeiyong4,http://dwz.cn/4nOCVq
https://www.99bill.com/seashell/html/activity/161024_double11/default.html?datasrc=ffansms01,http://dwz.cn/4nOCVY
https://www.99bill.com/seashell/html/activity/161024_double11/default.html?datasrc=ffansms02,http://dwz.cn/4nODeS
https://www.99bill.com/seashell/html/activity/161024_double11/default.html?datasrc=ffansms03,http://dwz.cn/4nOCVX
https://www.99bill.com/seashell/html/activity/161024_double11/default.html?datasrc=ffansms04,http://dwz.cn/4nOD48
https://www.99bill.com/seashell/html/activity/161024_double11/default.html?datasrc=ffansms05,http://dwz.cn/4nODeL
https://www.99bill.com/seashell/html/activity/161024_double11/default.html?datasrc=ffansms06,http://dwz.cn/4nODeQ
https://www.99bill.com/seashell/html/activity/161024_double11/default.html?datasrc=ffansms07,http://dwz.cn/4nOCVW
https://www.99bill.com/seashell/html/activity/161024_double11/default.html?datasrc=ffansms08,http://dwz.cn/4nOD4b
https://www.99bill.com/seashell/html/activity/161024_double11/default.html?datasrc=ffansms09,http://dwz.cn/4nODeM
https://www.99bill.com/seashell/html/activity/161024_double11/default.html?datasrc=ffansms10,http://dwz.cn/4nODeR
https://www.99bill.com/seashell/html/activity/161024_double11/default.html?datasrc=ffansms11,http://dwz.cn/4nODeT
https://www.99bill.com/seashell/html/activity/161024_double11/default.html?datasrc=ffansms12,http://dwz.cn/4nOD47
https://www.99bill.com/seashell/html/activity/161024_double11/default.html?datasrc=ffanwifi400,http://dwz.cn/4nODeN
https://www.99bill.com/seashell/html/activity/161024_double11/default.html?datasrc=ffanwifi450,http://dwz.cn/4nOD4c
https://www.99bill.com/seashell/html/activity/161024_double11/default.html?datasrc=ffanwifi640,http://dwz.cn/4nODeW
https://www.99bill.com/seashell/html/activity/161024_double11/default.html?datasrc=ffanwifi720,http://dwz.cn/4nOCVU