https://www.99bill.com/seashell/html/activity/161017_type3user/default.html?datasrc=1024sms01,http://dwz.cn/4qFhc8
https://www.99bill.com/seashell/html/activity/161017_type3user/default.html?datasrc=1024sms02,http://dwz.cn/4qFhCC
https://www.99bill.com/seashell/html/activity/161017_type3user/default.html?datasrc=1024sms03,http://dwz.cn/4qFhCE
https://www.99bill.com/seashell/html/activity/161017_type3user/default.html?datasrc=1024sms04,http://dwz.cn/4qFhCB
https://www.99bill.com/seashell/html/activity/161017_type3user/default.html?datasrc=1024sms05,http://dwz.cn/4qFhow
https://www.99bill.com/seashell/html/activity/161017_type3user/default.html?datasrc=1024sms06,http://dwz.cn/4qFp33
https://www.99bill.com/seashell/html/activity/161017_type3user/default.html?datasrc=1024sms07,http://dwz.cn/4qFhoy
https://www.99bill.com/seashell/html/activity/161017_type3user/default.html?datasrc=1024sms08,http://dwz.cn/4qFhoA
https://www.99bill.com/seashell/html/activity/161017_type3user/default.html?datasrc=1024sms09,http://dwz.cn/4qFhCz
https://www.99bill.com/seashell/html/activity/161017_type3user/default.html?datasrc=1024sms10,http://dwz.cn/4qFpPz
https://www.99bill.com/seashell/html/activity/161017_type3user/default.html?datasrc=1024sms11,http://dwz.cn/4qFpPy
https://www.99bill.com/seashell/html/activity/161017_type3user/default.html?datasrc=1024sms12,http://dwz.cn/4qFqhc
https://www.99bill.com/seashell/html/activity/161017_type3user/default.html?datasrc=1024sms21,http://t.cn/RfZ4wkg
https://www.99bill.com/seashell/html/activity/161017_type3user/default.html?datasrc=1024sms22,http://t.cn/RfZ4wkQ
https://www.99bill.com/seashell/html/activity/161017_type3user/default.html?datasrc=1024sms23,http://t.cn/RfZ4wkn
https://www.99bill.com/seashell/html/activity/161017_type3user/default.html?datasrc=1024sms24,http://t.cn/RfZ4wkE
https://www.99bill.com/seashell/html/activity/161017_type3user/default.html?datasrc=1024sms25,http://t.cn/RfZ4wk8
https://www.99bill.com/seashell/html/activity/161017_type3user/default.html?datasrc=1024sms26,http://t.cn/RfZ4wk1
https://www.99bill.com/seashell/html/activity/161017_type3user/default.html?datasrc=1024sms27,http://t.cn/RfZ4wFh
https://www.99bill.com/seashell/html/activity/161017_type3user/default.html?datasrc=1024sms28,http://t.cn/RfZ4wkm
https://www.99bill.com/seashell/html/activity/161017_type3user/default.html?datasrc=1024sms29,http://t.cn/RfZ4wFP
https://www.99bill.com/seashell/html/activity/161017_type3user/default.html?datasrc=1024sms30,http://t.cn/RfZ4wFL
https://www.99bill.com/seashell/html/activity/161017_type3user/default.html?datasrc=1024sms31,http://t.cn/RfZ4wkd
https://www.99bill.com/seashell/html/activity/161017_type3user/default.html?datasrc=1024sms32,http://t.cn/RfZ4wFG
https://www.99bill.com/seashell/html/activity/161017_type3user/default.html?datasrc=1024sms33,http://t.cn/RfZ4wFx
https://www.99bill.com/seashell/html/activity/161017_type3user/default.html?datasrc=1024sms34,http://t.cn/RfZ4wFz
https://www.99bill.com/seashell/html/activity/161017_type3user/default.html?datasrc=1024sms35,http://t.cn/RfZ4wke
https://www.99bill.com/seashell/html/activity/161017_type3user/default.html?datasrc=1024sms36,http://t.cn/RfZ4wFX
https://www.99bill.com/seashell/html/activity/161017_type3user/default.html?datasrc=1024sms37,http://t.cn/RfZ4wFi
https://www.99bill.com/seashell/html/activity/161017_type3user/default.html?datasrc=1024sms38,http://t.cn/RfZ4wFf
https://www.99bill.com/seashell/html/activity/161017_type3user/default.html?datasrc=1024sms39,http://t.cn/RfZ4wFK
https://www.99bill.com/seashell/html/activity/161017_type3user/default.html?datasrc=1024sms40,http://t.cn/RfZ4wFb
https://www.99bill.com/seashell/html/activity/161017_type3user/default.html?datasrc=1024sms41,http://t.cn/RfZ4wFA
https://www.99bill.com/seashell/html/activity/161017_type3user/default.html?datasrc=1024sms42,http://t.cn/RfZ4wF6
https://www.99bill.com/seashell/html/activity/161017_type3user/default.html?datasrc=1024sms43,http://t.cn/RfZ4wFS